Ingredient,Count
milk,1718
onion,1712
eggs,1681
salt,1660
pepper,947
cheddar cheese,581
ground beef,411
bread crumbs,234
green pepper,228
bacon,208
bisquick,199
bread,174
dry mustard,146
swiss cheese,122
grated cheese,114
worcestershire sauce,108
hamburger,103
broccoli,101
parsley,100
sausage,96
ham,92
parmesan cheese,87
cheese,87
mustard,84
garlic powder,81
tomatoes,80
flour,76
mushrooms,75
chili powder,72
garlic,71
catsup,69
cracker crumbs,68
soda,67
margarine,64
tomato sauce,63
brown sugar,60
corn,60
oil,57
shredded cheese,57
bisquick baking mix,56
white bread,56
ketchup,56
oregano,55
potatoes,55
rice,55
paprika,52
crackers,50
sage,50
nutmeg,49
peppers,49
chicken,49
sugar,48
bell pepper,47
black pepper,45
zucchini,45
mozzarella cheese,44
cream-style,43
oleo,43
ground chuck,42
mayonnaise,41
butter,41
corn meal,41
american cheese,41
celery,40
garlic salt,40
cornmeal,40
ground pork,37
salmon,36
lemon juice,34
pork sausage,34
parsley flakes,33
cream-style corn,33
water,33
yellow cornmeal,32
bisquick mix,32
vegetable oil,32
oatmeal,29
tomato,28
clove garlic,28
baking soda,28
carrots,28
sharp cheese,27
ground meat,27
yellow corn meal,26
cornstarch,26
shell,26
cheddar,25
cream of mushroom soup,25
green chilies,25
pimento,23
lean ground beef,23
eggplant,23
frozen broccoli,23
thyme,22
green peppers,22
biscuit mix,21
fresh broccoli,21
poultry seasoning,21
celery salt,20
crust,20
sour cream,20
basil,20
horseradish,20
cayenne pepper,19
mushroom soup,19
oats,19
yellow squash,19
jalapeno peppers,18
whole kernel corn,18
olives,18
vinegar,17
tuna,17
pie shell,15
cooking oil,14
accent,14
green bell pepper,14
macaroni,14
stalks celery,13
squash,13
velveeta cheese,13
spinach,13
baking powder,13
carrot,13
cream cheese,13
barbecue sauce,12
all-purpose,12
crescent rolls,12
meal,12
italian seasoning,12
pizza sauce,12
bacon drippings,11
tomato paste,11
dill weed,11
allspice,11
pastry shell,11
ground nutmeg,11
cottage cheese,11
buttermilk baking mix,10
worcestershire,10
egg,10
shortening,10
elbow macaroni,10
tabasco sauce,10
beef,10
hamburg,10
olive oil,10
cream of chicken soup,10
ground sage,10
ground round,10
tomato soup,10
chili sauce,10
frozen spinach,9
liquid smoke,9
tomato juice,9
baking mix,9
saltines,9
ground ham,9
wesson oil,9
frozen,9
shredded monterey jack cheese,8
pork,8
dish pie shell,8
hash browns,8
frozen hash brown potatoes,8
breadcrumbs,8
hot sausage,8
red pepper,8
pimentos,8
swiss,8
bulk sausage,8
cream of celery soup,8
salad oil,8
black olives,7
pepper sauce,7
fresh parsley,7
pastry,7
green chiles,7
hot sauce,7
fresh mushrooms,7
onions,6
croutons,6
soy sauce,6
turkey,6
rolled oats,6
browns,6
colby cheese,6
noodles,6
salsa,6
cauliflower,6
cornflakes,6
mushroom,6
ground veal,6
pimiento,6
green onion,6
marjoram,6
cream,6
crabmeat,6
jalapenos,6
cream style corn,6
seasoning,5
fully cooked ham,5
frozen hash browns,5
longhorn cheese,5
spaghetti,5
cornbread crumbs,5
green onions,5
taco sauce,5
chopped spinach,5
mayo,5
green chili peppers,5
celery flakes,5
ground sausage,5
condensed cream,5
chicken broth,5
pepperoni,5
frozen cauliflower,5
pie crust,5
vegetables,5
hot peppers,5
italian sausage,5
biscuit baking mix,5
white pepper,5
miracle,5
romano cheese,4
bread cubes,4
shrimp,4
cornbread mix,4
saltine cracker crumbs,4
celery stalks,4
corn tortillas,4
cinnamon,4
sauerkraut,4
ginger,4
potato chips,4
fresh asparagus,4
extra lean ground beef,4
ground turkey,4
stuffing mix,4
potato,4
water chestnuts,4
dried mustard,4
chicken stock,4
kernel corn,4
walnuts,4
saltine crackers,4
cheddar cheese soup,4
unbaked pie shell,4
corn oil,4
dish pie crust,4
ro-tel tomatoes,4
all-purpose flour,4
green beans,4
spaghetti sauce,4
cloves,4
jalapeno pepper,4
egg noodles,4
light cream,4
heavy cream,4
red potatoes,3
beef broth,3
diced cheese,3
rosemary,3
cooking oats,3
cereal,3
frozen peas,3
chilies,3
pineapple,3
fat,3
green,3
applesauce,3
mild cheese,3
cream corn,3
onion powder,3
lean hamburger,3
peas,3
celery soup,3
monterey jack,3
medium cracker crumbs,3
salad dressing,3
corn flakes,3
mozzarella,3
caraway seed,3
cabbage,3
chili seasoning mix,3
ground,3
mix,3
mexicorn,3
onion soup mix,3
yellow cream,3
corn muffin,3
chives,3
sauce,3
herb stuffing,3
crab,3
ground black pepper,3
refrigerator crescent rolls,3
cornbread,3
ground venison,3
parkay margarine,3
bacon grease,3
cayenne,3
italian bread crumbs,3
italian bread,3
freshly ground pepper,3
frozen pie shell,3
bay leaf,3
shredded swiss,3
bell peppers,3
golden mushroom soup,3
red kidney beans,3
seasoning salt,3
boiling water,3
tortilla chips,2
red,2
beef bouillon,2
powdered milk,2
mushroom stems,2
fine cracker crumbs,2
stove top stuffing,2
bisquick original baking mix,2
crushed soda crackers,2
hot pepper,2
fresh ground black pepper,2
red bell pepper,2
chorizo,2
pork sausage links,2
onion salt,2
feta cheese,2
summer squash,2
tomato ketchup,2
ground cumin,2
corn oil margarine,2
ground thyme,2
crushed cracker crumbs,2
very hot tap,2
grits,2
corn bread crumbs,2
meat,2
beans,2
chopped meat,2
ground pork sausage,2
green chillies,2
chili peppers,2
shredded ham,2
pancake mix,2
oysters,2
red wine vinegar,2
bacon strips,2
light bread,2
fresh pork,2
bacon bits,2
prepared mustard,2
hot water,2
onion flakes,2
cream-style yellow corn,2
canadian bacon,2
almonds,2
taco seasoning,2
broccoli flowerets,2
brown rice,2
luncheon meat,2
radishes,2
___,2
tomato puree,2
red salmon,2
butter crackers,2
onion soup,2
white,2
fresh green beans,2
crab meat,2
yellow mustard,2
tabasco,2
leaf oregano,2
cumin,2
lemon,2
process cheese,2
cold water,2
cider vinegar,2
rice krispies,2
cream of chicken,2
steak sauce,2
buttered bread crumbs,2
corn kernels,2
raisins,2
jalapeno,2
grated monterey,2
pared,2
cooked meat,2
herbs,2
tomato catsup,2
ground lean pork,2
yellow creamed corn,2
sweet basil,2
dish pie shells,2
parmesan,2
brown gravy mix,2
hamburger meat,2
fresh spinach,2
peanut butter,2
flour tortillas,2
corn bread,2
ground ginger,2
natural swiss cheese,2
summer,2
cream of mushroom,2
corned beef,2
lean ground pork,2
ro-tel,2
kidney beans,2
sherry,2
honey,2
ground red pepper,1
white wine,1
crescent dinner rolls,1
country style hash browns,1
whole berry,1
sesame,1
whole wheat flour,1
pastry sheets,1
seasonings,1
jalapeno pepper cheese,1
sliced cheese,1
stale bread,1
white rice,1
yogurt,1
fresh dill,1
cheddar soup,1
rye bread,1
asparagus,1
fresh oregano,1
yellow cheese,1
carton creamed cottage cheese,1
tart apples,1
taco seasoning mix,1
lean sausage,1
of oil,1
well,1
processed cheese,1
pimientos,1
volume,1
fresh garlic,1
pinto beans,1
cooking rice,1
veal,1
crawfish tails,1
tomato slice,1
buttered soft bread crumbs,1
broken spaghetti,1
pkgs,1
cranberry sauce,1
cook oats,1
chinese noodles,1
dark brown sugar,1
grape-nuts,1
frozen green peas,1
cavatelli,1
choice,1
cracked pepper,1
regular,1
celery stalk,1
relish,1
cookie crumbs,1
brown gravy,1
chicken gravy,1
refrigerator biscuits,1
frozen spinach souffle,1
crumbs,1
ground smoked ham,1
spaghetti sauce with mushrooms,1
thin spaghetti,1
eggplants,1
grated carrot,1
buttermilk biscuit mix,1
creamed style corn,1
sausage meat,1
bay leaves,1
beef stock,1
ready,1
enriched cornmeal,1
whole wheat hamburger buns,1
bulgur wheat,1
lean ground meat,1
herb seasoned croutons,1
sweet peas,1
ground pepper,1
corn flakes crumbs,1
broth,1
kitchen,1
corn flake crumbs,1
+,1
ground coriander,1
ground raw turkey,1
low-fat cheese,1
ripe olives,1
corn syrup,1
pie crusts,1
sweet red pepper,1
sweet green,1
fresh corn kernels,1
poppy seed,1
sweet onion,1
american,1
tortillas,1
red enchilada sauce,1
green enchilada sauce,1
piquant sauce,1
marjoram leaves,1
white sandwich bread,1
fresh corn,1
head lettuce,1
ground round beef,1
ground mustard,1
grated sharp,1
bermuda onions,1
nonstick vegetable cooking spray,1
minute oats,1
drops,1
hot bulk sausage,1
shredded sharp cheddar cheese,1
regular mustard,1
corned beef hash,1
red peppers,1
cracklings,1
white corn meal,1
white meat chicken,1
winter,1
bulk pork sausage,1
dill pickles,1
crisp,1
pizza cheese,1
chicken soup,1
unbaked pie crusts,1
sweet relish,1
instant brown rice,1
sockeye salmon,1
coarse cracker crumbs,1
liquid,1
thin slices ham,1
bunches broccoli,1
peach halves,1
curry powder,1
shredded carrot,1
canola oil,1
bologna,1
deer meat,1
extra-lean ground beef,1
beer,1
dry crumbs,1
dish pie crusts,1
broccoli florets,1
monosodium glutamate,1
ham bits,1
white bread crumbs,1
ground round steak,1
ground sirloin,1
fresh squash,1
herb seasoned stuffing croutons,1
loose sausage,1
unsalted butter,1
chicken bouillon,1
pasta shells,1
fresh cauliflower,1
hot pork sausage,1
sweet pickles,1
shredded monterey jack,1
lasagna,1
lemon rind,1
lentils,1
cayenne red pepper,1
chop meat,1
rat cheese,1
bouillon cubes,1
broccoli pieces,1
sweet pepper,1
salt pork,1
thin sliced ham,1
brown potatoes,1
vegetable seasoning,1
whole wheat bread crumbs,1
favorite cheese,1
roll,1
caraway seeds,1
red hot peppers,1
saffron,1
hoop cheese,1
sage sausage,1
t,1
fresh pepper,1
california blend,1
conch,1
amount garlic,1
pecans,1
caraway,1
whole wheat bread,1
pork shoulder,1
ground walnuts,1
cubed cheese,1
white sauce,1
yellow cornbread,1
cashews,1
velveeta,1
coarse,1
lean ground chuck,1
taco sauce mix,1
doritos chips,1
chicken seasoning,1
biscuits,1
pink salmon,1
picante,1
lasagna noodles,1
frozen asparagus,1
sweet pickle relish,1
spring onion,1
hot pepper sauce,1
beef cubes,1
miracle whip,1
chili pepper,1
okra,1
peeled shrimp,1
white horseradish,1
chicken breast,1
yellow meal,1
solid white,1
bouillon,1
pie shells,1
vegetable,1
pearl onions,1
cocktail sauce,1
grape jelly,1
soda crackers,1
pimento strips,1
tartar sauce,1
crisco,1
tuna fish,1
herb croutons,1
cornflake crumbs,1
brown mustard,1
regular oats,1
pumpkin,1
freshly ground black pepper,1
flat-leaf parsley,1
hot bulk pork sausage,1
mixed vegetables,1
flake crumbs,1
grated mozzarella,1
graham crackers,1
red and,1
tennessee,1
cornmeal mix,1
buttermilk,1
liquid egg substitute,1
cream of corn,1
stack,1
green chili,1
head iceberg,1
pickles,1
egg substitute,1
vegetable cooking spray,1
white corn,1
ground chuck beef,1
hominy,1
fresh white bread crumbs,1
hot red pepper,1
monterey cheese,1
ricotta cheese,1
broccoli spears,1
fresh cauliflowerets,1
ground cinnamon,1
shortening for,1
regular sausage,1
beef gravy,1
instant chicken,1
chicken breasts,1
linguine,1
herb stuffing mix,1
pink,1
turkey broth,1
loaves,1
pet-ritz deep dish pie crust,1
tater,1
sesame seed,1
cashew nuts,1
lemon peel,1
unbaked pie crust,1
cheeses,1
cured ham,1
taco,1
nuts,1
coloring,1
red wine,1
new,1
extra lean hamburger,1
other seasonings,1
yeast,1
powdered mustard,1
crisp bacon,1
white potatoes,1
boiled shrimp,1
fruit,1
muffins,1
roll sausage,1
